,team1_home,team1_bat,csk,dch,dca,dd,gl,kxip,kt,kkr,mi,pw,rr,rps,rcb,srh,team1_win_percentage,team2_win_percentage,team1_win
0,1,1,0,0,0,0,0,0,0,0,0,0,0,0,1,1,0.6783394138737882,0.734748691448556,0
1,1,1,0,0,0,0,0,0,0,0,1,0,0,1,0,0,0.6765825542420099,0.7363667885608082,0
2,0,1,0,0,0,0,1,0,0,1,0,0,0,0,0,0,0.877626037611117,0.47934594825346144,0
3,0,1,0,0,0,0,0,1,0,0,0,0,0,1,0,0,0.8314875760111814,0.5555433474887893,0
4,1,0,0,0,0,1,0,0,0,0,0,0,0,0,1,0,0.6574580010862748,0.7534911922561801,0
5,0,1,0,0,0,0,1,0,0,0,0,0,0,0,0,1,0.844212815247804,0.5360081366652723,0
6,0,1,0,0,0,0,0,0,0,1,1,0,0,0,0,0,0.7284116862935497,0.6851397049295764,0
7,0,0,0,0,0,0,0,1,0,0,0,0,0,0,1,0,0.7772164561609503,0.6292333273695964,0
8,0,1,0,0,0,1,0,0,0,0,0,0,0,1,0,0,0.6025793567533265,0.7980589695096142,1
9,0,1,0,0,0,0,0,0,0,0,1,0,0,0,0,1,0.7348632161793031,0.6782153444936283,0
10,0,1,0,0,0,0,0,1,0,1,0,0,0,0,0,0,0.7841677223992383,0.6205489369479182,0
11,1,1,0,0,0,0,0,0,0,0,1,0,0,0,1,0,0.5703425440642038,0.821406952996121,0
12,0,1,0,0,0,0,1,0,0,0,0,0,0,1,0,0,0.9935326726564041,0.1135465911607319,0
13,1,1,0,0,0,0,0,0,0,1,0,0,0,0,0,1,0.5498805081092958,0.8352433338862769,1
14,1,0,0,0,0,1,0,1,0,0,0,0,0,0,0,0,0.5570572676350319,0.8304740818201326,1
15,0,1,0,0,0,0,1,0,0,0,1,0,0,0,0,0,0.7939857911292089,0.6079363153200542,0
16,0,1,0,0,0,0,0,0,0,0,0,0,0,1,1,0,0.8350607839462088,0.5501576929527963,0
17,1,0,0,0,0,1,0,0,0,1,0,0,0,0,0,0,0.494366991708501,0.8692532873156632,0
18,1,1,0,0,0,0,0,1,0,0,0,0,0,0,0,1,0.6770220198297616,0.735962760379647,0
19,0,1,0,0,0,0,1,0,0,0,0,0,0,0,1,0,0.9905468485254832,0.13717485511650274,0
20,1,0,0,0,0,1,0,0,0,0,0,0,0,0,0,1,0.7102918982142697,0.7039072519381863,0
21,1,1,0,0,0,0,0,1,0,0,1,0,0,0,0,0,0.5757421266852994,0.8176313371929237,0
22,1,1,0,0,0,0,1,0,0,1,0,0,0,0,0,0,0.47934594825346144,0.877626037611117,0
23,1,1,0,0,0,1,0,0,0,0,1,0,0,0,0,0,0.7725951487922619,0.6348989967409482,1
24,0,1,0,0,0,0,0,0,0,0,0,0,0,1,0,1,0.7055301833055501,0.7086798716238785,0
25,0,1,0,0,0,0,1,1,0,0,0,0,0,0,0,0,0.9906136218491759,0.13669181470321415,1
26,1,1,0,0,0,0,0,0,0,1,0,0,0,0,1,0,0.6219203454236651,0.7830805092377854,1
27,1,1,0,0,0,0,0,0,0,0,1,0,0,1,0,0,0.7254204999153147,0.6883059627103452,0
28,1,1,0,0,0,0,0,0,0,1,0,0,0,1,0,0,0.7153411651777002,0.6987753697735849,0
29,1,1,0,0,0,0,1,0,0,0,0,0,0,0,1,0,0.4812588121927184,0.8765785507795943,0
30,0,1,0,0,0,1,0,0,0,1,0,0,0,0,0,0,0.7551742143941894,0.655524145942862,0
31,0,1,0,0,0,0,0,1,0,0,0,0,0,0,0,1,0.8303417635287521,0.5572544802331892,0
32,1,1,0,0,0,0,0,0,0,0,0,0,0,1,1,0,0.7712736349824462,0.6365037156065662,0
33,0,0,0,0,0,0,1,0,0,0,1,0,0,0,0,0,0.7939857911292089,0.6079363153200542,0
34,0,1,0,0,0,1,0,1,0,0,0,0,0,0,0,0,0.7488993139903786,0.6626837990359657,0
35,1,1,0,0,0,0,0,0,0,1,0,0,0,0,0,1,0.6150156984675392,0.788514863929961,0
36,0,0,0,0,0,0,0,0,0,0,1,0,0,0,1,0,0.6682184229150424,0.7439651465471575,0
37,0,1,0,0,0,0,1,0,0,0,0,0,0,1,0,0,0.7682212795973759,0.6401843996644798,0
38,0,1,0,0,0,1,0,0,0,0,0,0,0,0,0,1,0.873236281146864,0.4872970318899911,0
39,1,1,0,0,0,0,0,0,0,1,0,0,0,1,0,0,0.5481721179163851,0.8363655475562495,0
40,0,1,0,0,0,1,1,0,0,0,0,0,0,0,0,0,0.9074669071198411,0.4201235681110375,0
41,0,1,0,0,0,0,0,1,0,0,0,0,0,0,1,0,0.7826010541756487,0.6225235658215386,1
42,0,1,0,0,0,0,0,0,0,0,0,0,0,1,0,1,0.7954317200324987,0.6060432152628561,0
43,0,1,0,0,0,1,0,0,0,0,1,0,0,0,0,0,0.8629594860892883,0.5052731195784231,1
44,1,1,0,0,0,0,0,0,0,1,0,0,0,0,1,0,0.5591551090571916,0.829063063955475,0
45,1,1,0,0,0,0,1,1,0,0,0,0,0,0,0,0,0.4864579113968642,0.8737040119167363,0
46,0,0,0,0,0,0,0,0,0,0,1,0,0,0,0,1,0.779731064276236,0.6261145800910951,0
47,1,1,0,0,0,0,0,1,0,1,0,0,0,0,0,0,0.5645493580916978,0.8253993108055349,1
48,1,1,0,0,0,1,1,0,0,0,0,0,0,0,0,0,0.14965594215450898,0.9887381346837221,0
49,0,1,0,0,0,0,0,1,0,0,1,0,0,0,0,0,0.6695472013857222,0.7427695100881209,1
50,1,0,0,0,0,1,0,0,0,0,0,0,0,1,0,0,0.4856429311786321,0.8741572761215378,1
51,1,1,0,0,0,0,1,0,0,0,0,0,0,0,0,1,0.11404691689387295,0.9934753649421822,0
52,0,1,0,0,0,0,0,0,0,1,1,0,0,0,0,0,0.822786528217372,0.5683505335477427,1
53,0,1,0,0,0,0,0,1,0,0,0,0,0,1,0,0,0.6378643573675797,0.7701487269352878,0
54,0,0,0,0,0,1,0,0,0,0,0,0,0,0,1,0,0.8295458535994696,0.5584386060937472,0
55,1,1,0,0,0,0,0,0,0,0,1,0,0,1,0,0,0.7254204999153147,0.6883059627103452,0
56,0,1,0,0,0,0,0,0,0,1,0,0,0,0,0,1,0.8352433338862769,0.5498805081092958,0
57,0,1,0,0,0,0,0,0,0,1,1,0,0,0,0,0,0.7284116862935497,0.6851397049295764,0
58,0,0,0,0,0,0,0,0,0,0,1,0,0,1,0,0,0.6883059627103452,0.7254204999153147,1
59,0,1,0,0,0,0,0,0,0,1,0,0,0,0,1,0,0.829063063955475,0.5591551090571916,1
60,0,0,1,0,0,0,0,1,0,0,0,0,0,0,0,0,0.8425938412032223,0.5385495508923938,1
61,0,0,0,0,0,1,0,0,0,0,0,0,1,0,0,0,0.856029918677595,0.516926279394683,0
62,1,0,0,0,0,0,0,0,0,0,1,0,0,0,1,0,0.7439651465471575,0.6682184229150424,0
63,0,0,0,1,0,0,0,0,0,1,0,0,0,0,0,0,0.6428122343901886,0.7660237798647592,0
64,0,0,0,0,0,0,0,1,0,0,0,0,1,0,0,0,0.7671537031853778,0.6414633237286145,0
65,1,0,0,1,0,1,0,0,0,0,0,0,0,0,0,0,0.6635921652185571,0.7480945383175492,0
66,1,1,1,0,0,0,0,0,0,0,1,0,0,0,0,0,0.6948828529168973,0.7191229524372542,1
67,1,1,0,1,0,0,0,0,0,0,0,0,1,0,0,0,0.5885604684400809,0.8084531990100555,0
68,1,1,0,0,0,0,0,1,0,0,1,0,0,0,0,0,0.5757421266852994,0.8176313371929237,1
69,1,1,0,0,0,0,0,0,0,0,0,0,1,0,1,0,0.5822212510474735,0.8130303898555791,0
70,0,0,1,0,0,0,0,0,0,1,0,0,0,0,0,0,0.7291406374480305,0.6843638877248562,0
71,1,1,0,1,0,0,0,0,0,0,1,0,0,0,0,0,0.8580227518088446,0.5136116795579884,0
72,0,0,0,0,0,1,0,1,0,0,0,0,0,0,0,0,0.7488993139903786,0.6626837990359657,0
73,0,0,1,0,0,0,0,0,0,0,0,0,0,0,1,0,0.8459953170187582,0.5331903258521585,1
74,1,0,0,0,0,0,0,0,0,1,1,0,0,0,0,0,0.5683505335477427,0.822786528217372,0
75,1,1,0,0,0,1,0,0,0,0,0,0,0,0,1,0,0.5584386060937472,0.8295458535994696,1
76,1,1,0,1,0,0,0,1,0,0,0,0,0,0,0,0,0.6287961743656217,0.7775701711763117,0
77,1,0,0,0,0,0,0,0,0,1,0,0,1,0,0,0,0.5783551196102427,0.815785116081816,1
78,1,0,1,0,0,1,0,0,0,0,0,0,0,0,0,0,0.7719302356170498,0.6357072528610997,0
79,1,0,0,1,0,0,0,0,0,0,0,0,0,0,1,0,0.6301624483644956,0.7764633208795279,0
80,1,0,0,0,0,0,0,1,0,1,0,0,0,0,0,0,0.5645493580916978,0.8253993108055349,1
81,1,1,0,0,0,1,0,0,0,0,1,0,0,0,0,0,0.7725951487922619,0.6348989967409482,1
82,0,0,1,0,0,0,0,0,0,0,0,0,1,0,0,0,0.8336485308966843,0.5522953258301213,0
83,1,1,0,0,0,0,0,1,0,0,0,0,0,0,1,0,0.6225235658215386,0.7826010541756487,0
84,1,1,1,1,0,0,0,0,0,0,0,0,0,0,0,0,0.8575392857303048,0.5144184808394414,0
85,0,1,0,0,0,0,0,0,0,0,1,0,1,0,0,0,0.7075635191948175,0.7066497479689956,0
86,1,1,1,0,0,1,0,0,0,0,0,0,0,0,0,0,0.46930162160495426,0.8830379312118819,0
87,1,0,0,0,0,0,0,0,0,1,0,0,0,0,1,0,0.6219203454236651,0.7830805092377854,1
88,0,1,0,1,0,0,0,0,0,0,0,0,1,0,0,0,0.6219125841667853,0.7830866731435233,0
89,1,1,0,0,0,0,0,0,0,0,1,0,0,0,1,0,0.5703425440642038,0.821406952996121,0
90,1,1,1,0,0,0,0,1,0,0,0,0,0,0,0,0,0.7420586939026154,0.6703349124158345,1
91,0,0,0,1,0,0,0,0,0,1,0,0,0,0,0,0,0.8247552919180603,0.5654897951803862,1
92,0,1,0,0,0,1,0,0,0,0,0,0,1,0,0,0,0.7369584329984259,0.675938065234164,0
93,0,0,0,0,0,0,0,1,0,0,0,0,0,0,1,0,0.7772164561609503,0.6292333273695964,0
94,1,0,0,0,0,1,0,0,0,1,0,0,0,0,0,0,0.655524145942862,0.7551742143941894,1
95,0,1,1,0,0,0,0,0,0,0,1,0,0,0,0,0,0.7510987616718574,0.6601898592185451,0
96,1,1,0,0,0,0,0,1,0,0,0,0,1,0,0,0,0.5876198835561582,0.8091371159756836,1
97,1,1,0,1,0,1,0,0,0,0,0,0,0,0,0,0,0.7106511090102072,0.7035445979201052,1
98,0,1,0,0,0,0,0,0,0,1,1,0,0,0,0,0,0.7284116862935497,0.6851397049295764,0
99,1,0,0,0,0,1,0,1,0,0,0,0,0,0,0,0,0.5570572676350319,0.8304740818201326,0
100,1,1,0,0,0,0,0,0,0,0,0,0,1,0,1,0,0.6428199106794924,0.7660173382071775,1
101,0,1,0,1,0,0,0,0,0,0,1,0,0,0,0,0,0.8169678632647617,0.5766831975986553,1
102,1,0,1,0,0,0,0,0,0,1,0,0,0,0,0,0,0.5312155435814601,0.8472367120571759,0
103,1,1,0,0,0,1,0,0,0,0,0,0,0,0,1,0,0.6574580010862748,0.7534911922561801,0
104,1,1,0,0,0,0,0,0,0,1,0,0,1,0,0,0,0.5802288037691593,0.8144535194083273,0
105,0,1,0,0,0,0,0,1,0,0,1,0,0,0,0,0,0.6695472013857222,0.7427695100881209,1
106,0,0,1,0,0,0,0,0,0,0,0,0,0,0,1,0,0.669007108107651,0.7432560052239322,0
107,0,1,0,1,0,0,0,1,0,0,0,0,0,0,0,0,0.6355514562698892,0.7720585123118734,0
108,0,1,0,0,0,1,0,0,0,0,1,0,0,0,0,0,0.8629594860892883,0.5052731195784231,0
109,0,0,1,0,0,0,0,0,0,0,0,0,1,0,0,0,0.7083168378009853,0.7058946502755301,1
110,1,1,0,1,0,0,0,0,0,0,0,0,0,0,1,0,0.7676591723222937,0.6408583268940578,0
111,0,0,0,0,0,0,0,1,0,1,0,0,0,0,0,0,0.7841677223992383,0.6205489369479182,0
112,0,1,0,0,0,0,0,0,0,0,1,0,1,0,0,0,0.8077331430484842,0.5895482759036931,0
113,1,0,1,1,0,0,0,0,0,0,0,0,0,0,0,0,0.5394845421870071,0.841995503991129,0
114,0,1,0,0,0,1,0,0,0,0,0,0,1,0,0,0,0.856029918677595,0.516926279394683,1
115,0,0,1,0,0,0,0,1,0,0,0,0,0,0,0,0,0.6703349124158345,0.7420586939026154,0
116,0,1,1,0,0,0,0,0,0,0,0,0,1,0,0,0,0.8336485308966843,0.5522953258301213,0
117,0,1,1,0,0,0,0,0,0,0,1,0,0,0,0,0,0.7191229524372542,0.6948828529168973,1
118,0,0,0,0,0,0,0,0,0,0,0,0,1,0,1,0,0.7660173382071775,0.6428199106794924,0
119,0,1,0,0,0,1,0,1,0,0,0,0,0,0,0,0,0.8304740818201326,0.5570572676350319,0
120,0,0,0,1,0,0,0,0,0,1,0,0,0,0,0,0,0.8247552919180603,0.5654897951803862,0
121,0,0,1,0,0,0,0,0,0,0,0,0,0,0,1,0,0.8459953170187582,0.5331903258521585,1
122,0,1,0,0,0,0,0,1,0,1,0,0,0,0,0,0,0.7841677223992383,0.6205489369479182,0
123,0,0,0,1,0,0,0,0,0,0,0,0,0,0,1,0,0.6408583268940578,0.7676591723222937,1
124,0,0,1,0,0,1,0,0,0,0,0,0,0,0,0,0,0.6357072528610997,0.7719302356170498,1
125,0,1,0,0,0,0,0,0,0,1,0,0,1,0,0,0,0.8144535194083273,0.5802288037691593,1
126,0,0,0,0,0,0,0,1,0,0,0,0,0,0,1,0,0.7772164561609503,0.6292333273695964,0
127,0,0,0,1,0,0,0,0,0,0,1,0,0,0,0,0,0.5136116795579884,0.8580227518088446,1
128,0,0,0,0,0,1,0,0,0,0,0,0,0,0,1,0,0.8295458535994696,0.5584386060937472,0
129,0,0,0,0,0,0,0,1,0,0,0,0,1,0,0,0,0.7671537031853778,0.6414633237286145,1
130,0,1,1,1,0,0,0,0,0,0,0,0,0,0,0,0,0.841995503991129,0.5394845421870071,0
131,0,0,0,0,0,0,0,0,0,1,1,0,0,0,0,0,0.822786528217372,0.5683505335477427,1
132,0,0,0,0,0,1,0,0,0,0,0,0,1,0,0,0,0.7369584329984259,0.675938065234164,0
133,0,0,0,0,0,0,0,0,0,1,0,0,0,0,1,0,0.829063063955475,0.5591551090571916,0
134,0,0,0,0,0,0,0,1,0,0,1,0,0,0,0,0,0.6695472013857222,0.7427695100881209,1
135,0,1,0,1,0,1,0,0,0,0,0,0,0,0,0,0,0.7035445979201052,0.7106511090102072,0
136,0,1,1,0,0,0,0,0,0,0,0,0,1,0,0,0,0.8336485308966843,0.5522953258301213,1
137,0,0,0,0,0,0,0,0,0,1,1,0,0,0,0,0,0.822786528217372,0.5683505335477427,1
138,0,0,0,0,0,0,0,1,0,0,0,0,0,0,1,0,0.7772164561609503,0.6292333273695964,0
139,0,0,0,1,0,0,0,0,0,0,0,0,1,0,0,0,0.6219125841667853,0.7830866731435233,0
140,0,1,1,0,0,1,0,0,0,0,0,0,0,0,0,0,0.8830379312118819,0.46930162160495426,1
141,0,0,0,0,0,0,0,1,0,1,0,0,0,0,0,0,0.8253993108055349,0.5645493580916978,0
142,0,0,0,0,0,0,0,0,0,0,1,0,0,0,1,0,0.821406952996121,0.5703425440642038,0
143,0,0,1,1,0,0,0,0,0,0,0,0,0,0,0,0,0.841995503991129,0.5394845421870071,1
144,0,1,0,0,0,0,0,1,0,0,0,0,1,0,0,0,0.8091371159756836,0.5876198835561582,1
145,0,0,0,0,0,1,0,0,0,1,0,0,0,0,0,0,0.8692532873156632,0.494366991708501,0
146,0,0,0,1,0,0,0,0,0,0,1,0,0,0,0,0,0.5136116795579884,0.8580227518088446,1
147,0,1,0,0,0,0,0,0,0,0,0,0,1,0,1,0,0.7660173382071775,0.6428199106794924,0
148,0,0,1,0,0,0,0,1,0,0,0,0,0,0,0,0,0.8425938412032223,0.5385495508923938,1
149,0,0,0,0,0,1,0,0,0,0,1,0,0,0,0,0,0.8629594860892883,0.5052731195784231,0
150,0,1,0,1,0,0,0,1,0,0,0,0,0,0,0,0,0.6355514562698892,0.7720585123118734,0
151,0,0,1,0,0,0,0,0,0,0,0,0,1,0,0,0,0.7083168378009853,0.7058946502755301,0
152,0,0,0,0,0,0,0,0,0,0,1,0,0,0,1,0,0.821406952996121,0.5703425440642038,1
153,0,1,0,0,0,1,0,0,0,1,0,0,0,0,0,0,0.8692532873156632,0.494366991708501,0
154,0,0,0,1,0,0,0,0,0,0,0,0,1,0,0,0,0.6219125841667853,0.7830866731435233,1
155,0,1,0,0,0,0,0,0,0,1,0,0,0,0,1,0,0.829063063955475,0.5591551090571916,0
156,0,0,0,0,0,0,0,1,0,0,1,0,0,0,0,0,0.6695472013857222,0.7427695100881209,0
157,0,1,0,1,0,1,0,0,0,0,0,0,0,0,0,0,0.7480945383175492,0.6635921652185571,1
158,0,0,1,0,0,0,0,0,0,0,0,0,0,0,1,0,0.8459953170187582,0.5331903258521585,0
159,0,0,0,0,0,0,0,0,0,0,1,0,1,0,0,0,0.7075635191948175,0.7066497479689956,1
160,0,1,0,0,0,1,0,1,0,0,0,0,0,0,0,0,0.7488993139903786,0.6626837990359657,0
161,0,0,1,0,0,0,0,0,0,0,1,0,0,0,0,0,0.7191229524372542,0.6948828529168973,0
162,0,1,0,1,0,0,0,0,0,1,0,0,0,0,0,0,0.8247552919180603,0.5654897951803862,0
163,0,1,0,1,0,0,0,1,0,0,0,0,0,0,0,0,0.7775701711763117,0.6287961743656217,1
164,0,0,0,0,0,1,0,0,0,0,0,0,1,0,0,0,0.7369584329984259,0.675938065234164,1
165,0,0,1,0,0,0,0,0,0,1,0,0,0,0,0,0,0.8472367120571759,0.5312155435814601,0
166,0,0,0,0,0,1,0,0,0,0,0,0,0,0,1,0,0.7534911922561801,0.6574580010862748,0
167,0,1,0,0,0,0,0,0,0,1,0,0,1,0,0,0,0.8144535194083273,0.5802288037691593,0
168,0,0,1,0,0,0,0,1,0,0,0,0,0,0,0,0,0.8425938412032223,0.5385495508923938,1
169,0,1,0,0,0,1,0,0,0,0,1,0,0,0,0,0,0.8629594860892883,0.5052731195784231,0
170,0,0,0,1,0,0,0,0,0,0,0,0,0,0,1,0,0.7764633208795279,0.6301624483644956,0
171,0,1,0,1,0,1,0,0,0,0,0,0,0,0,0,0,0.7480945383175492,0.6635921652185571,0
172,0,1,1,0,0,0,0,0,0,0,0,0,0,0,1,0,0.8459953170187582,0.5331903258521585,0
173,0,1,0,1,0,0,0,0,0,0,0,0,0,0,1,0,0.6408583268940578,0.7676591723222937,1
174,0,1,0,1,0,0,0,0,0,1,0,0,0,0,0,0,0.8247552919180603,0.5654897951803862,1
175,1,0,0,0,0,0,0,0,0,0,1,0,1,0,0,0,0.7066497479689956,0.7075635191948175,1
176,1,1,0,0,0,1,0,1,0,0,0,0,0,0,0,0,0.6626837990359657,0.7488993139903786,0
177,0,1,0,0,0,0,0,0,0,1,0,0,0,0,1,0,0.7830805092377854,0.6219203454236651,0
178,0,0,1,1,0,0,0,0,0,0,0,0,0,0,0,0,0.5144184808394414,0.8575392857303048,1
179,0,1,0,0,0,1,0,0,0,0,0,0,1,0,0,0,0.856029918677595,0.516926279394683,0
180,0,0,0,0,0,0,0,1,0,0,0,0,0,0,1,0,0.7826010541756487,0.6225235658215386,0
181,0,0,1,0,0,0,0,0,0,1,0,0,0,0,0,0,0.8472367120571759,0.5312155435814601,1
182,0,1,0,0,0,1,0,0,0,0,1,0,0,0,0,0,0.8629594860892883,0.5052731195784231,1
183,0,1,0,0,0,0,0,0,0,0,0,0,1,0,1,0,0.8130303898555791,0.5822212510474735,0
184,1,0,1,0,0,1,0,0,0,0,0,0,0,0,0,0,0.46930162160495426,0.8830379312118819,0
185,0,1,0,1,0,0,0,1,0,0,0,0,0,0,0,0,0.6355514562698892,0.7720585123118734,1
186,0,0,0,0,0,0,0,0,0,1,0,0,1,0,0,0,0.8144535194083273,0.5802288037691593,1
187,1,0,0,0,0,0,0,0,0,0,1,0,0,0,1,0,0.7439651465471575,0.6682184229150424,0
188,0,0,0,1,0,1,0,0,0,0,0,0,0,0,0,0,0.7035445979201052,0.7106511090102072,1
189,0,1,1,0,0,0,0,1,0,0,0,0,0,0,0,0,0.6703349124158345,0.7420586939026154,1
190,0,0,0,0,0,0,0,0,0,1,1,0,0,0,0,0,0.7284116862935497,0.6851397049295764,0
191,1,1,1,0,0,0,0,0,0,0,0,0,0,0,1,0,0.5331903258521585,0.8459953170187582,0
192,0,1,0,0,0,0,0,1,0,0,0,0,1,0,0,0,0.8091371159756836,0.5876198835561582,1
193,0,1,1,0,0,0,0,0,0,0,1,0,0,0,0,0,0.7510987616718574,0.6601898592185451,0
194,0,0,0,1,0,0,0,0,0,0,0,0,1,0,0,0,0.6219125841667853,0.7830866731435233,0
195,0,0,0,0,0,0,0,1,0,1,0,0,0,0,0,0,0.8253993108055349,0.5645493580916978,1
196,0,1,0,0,0,1,0,0,0,0,0,0,0,0,1,0,0.7534911922561801,0.6574580010862748,1
197,0,0,1,0,0,0,0,0,0,0,0,0,1,0,0,0,0.7083168378009853,0.7058946502755301,1
198,1,1,0,1,0,0,0,0,0,0,1,0,0,0,0,0,0.8580227518088446,0.5136116795579884,1
199,1,0,0,0,0,1,0,0,0,1,0,0,0,0,0,0,0.494366991708501,0.8692532873156632,1
200,0,1,0,0,0,0,0,1,0,0,1,0,0,0,0,0,0.6695472013857222,0.7427695100881209,0
201,0,0,1,0,0,0,0,0,0,0,0,0,0,0,1,0,0.669007108107651,0.7432560052239322,0
202,1,0,0,0,0,1,0,0,0,0,0,0,1,0,0,0,0.516926279394683,0.856029918677595,1
203,1,0,0,1,0,0,0,0,0,1,0,0,0,0,0,0,0.7660237798647592,0.6428122343901886,1
204,1,0,0,0,0,0,0,1,0,0,0,0,0,0,1,0,0.6292333273695964,0.7772164561609503,0
205,1,0,1,0,0,0,0,0,0,0,0,0,1,0,0,0,0.7058946502755301,0.7083168378009853,1
206,1,0,0,1,0,0,0,0,0,0,1,0,0,0,0,0,0.8580227518088446,0.5136116795579884,1
207,1,0,0,0,0,0,0,1,0,1,0,0,0,0,0,0,0.6205489369479182,0.7841677223992383,0
208,1,0,0,0,0,1,0,0,0,0,0,0,0,0,1,0,0.5584386060937472,0.8295458535994696,1
209,0,0,0,1,0,0,0,0,0,0,0,0,1,0,0,0,0.8084531990100555,0.5885604684400809,1
210,1,0,1,0,0,0,0,0,0,0,1,0,0,0,0,0,0.6948828529168973,0.7191229524372542,1
211,0,0,0,0,0,0,0,1,0,0,0,0,1,0,0,0,0.7671537031853778,0.6414633237286145,0
212,1,0,0,0,0,1,0,0,0,1,0,0,0,0,0,0,0.655524145942862,0.7551742143941894,1
213,1,1,0,1,0,0,0,0,0,0,0,0,0,0,1,0,0.7676591723222937,0.6408583268940578,0
214,0,0,0,0,0,0,0,1,0,0,1,0,0,0,0,0,0.8176313371929237,0.5757421266852994,0
215,0,0,1,1,0,0,0,0,0,0,0,0,0,0,0,0,0.841995503991129,0.5394845421870071,0
216,0,1,0,0,0,0,0,0,0,1,0,0,0,0,1,0,0.829063063955475,0.5591551090571916,0
217,1,0,0,0,0,1,0,1,0,0,0,0,0,0,0,0,0.5570572676350319,0.8304740818201326,0
218,0,1,0,0,0,0,0,0,0,0,1,0,1,0,0,0,0.8077331430484842,0.5895482759036931,1
219,0,1,0,1,0,0,0,0,0,0,0,0,0,0,1,0,0.6408583268940578,0.7676591723222937,1
220,1,0,0,0,0,1,0,0,0,0,1,0,0,0,0,0,0.7725951487922619,0.6348989967409482,1
221,0,0,1,0,0,0,0,0,0,1,0,0,0,0,0,0,0.7291406374480305,0.6843638877248562,0
222,1,0,0,0,0,0,0,0,0,0,0,0,1,0,1,0,0.6428199106794924,0.7660173382071775,0
223,1,0,1,0,0,1,0,0,0,0,0,0,0,0,0,0,0.7719302356170498,0.6357072528610997,0
224,1,1,0,1,0,0,0,1,0,0,0,0,0,0,0,0,0.7720585123118734,0.6355514562698892,0
225,0,1,0,0,0,0,0,0,0,0,1,0,0,0,1,0,0.821406952996121,0.5703425440642038,1
226,0,0,0,0,0,0,0,0,0,1,0,0,1,0,0,0,0.8144535194083273,0.5802288037691593,0
227,1,1,1,0,0,0,0,1,0,0,0,0,0,0,0,0,0.5385495508923938,0.8425938412032223,0
228,0,0,0,1,0,1,0,0,0,0,0,0,0,0,0,0,0.7035445979201052,0.7106511090102072,1
229,0,0,0,0,0,0,0,0,0,1,1,0,0,0,0,0,0.822786528217372,0.5683505335477427,0
230,1,0,0,0,0,0,0,0,0,0,1,0,0,0,1,0,0.7439651465471575,0.6682184229150424,1
231,0,0,1,1,0,0,0,0,0,0,0,0,0,0,0,0,0.841995503991129,0.5394845421870071,1
232,0,0,0,1,0,0,0,0,0,0,0,0,0,0,1,0,0.6408583268940578,0.7676591723222937,0
233,0,0,1,0,0,0,0,0,0,0,1,0,0,0,0,0,0.7510987616718574,0.6601898592185451,1
234,1,0,1,0,0,0,0,0,0,1,0,0,0,0,0,0,0.6843638877248562,0.7291406374480305,1
235,1,1,0,1,0,0,0,0,0,0,0,0,1,0,0,0,0.5885604684400809,0.8084531990100555,0
236,1,0,0,0,0,0,0,0,1,0,0,0,0,0,1,0,0.4845598777351798,0.8747580950692985,0
237,1,0,0,0,0,1,0,0,0,0,1,0,0,0,0,0,0.5052731195784231,0.8629594860892883,0
238,0,0,0,0,0,0,0,1,0,0,0,1,0,0,0,0,0.8652018206350236,0.5014237824134795,0
239,1,0,0,1,0,0,0,0,0,1,0,0,0,0,0,0,0.7660237798647592,0.6428122343901886,1
240,0,0,0,0,0,1,0,0,0,0,0,0,1,0,0,0,0.7369584329984259,0.675938065234164,0
241,1,1,0,0,0,0,0,0,0,0,1,0,0,0,1,0,0.5703425440642038,0.821406952996121,0
242,0,1,1,0,0,0,0,1,0,0,0,0,0,0,0,0,0.8425938412032223,0.5385495508923938,0
243,0,0,0,0,0,0,0,0,1,0,0,1,0,0,0,0,0.8853979028379436,0.46483389898992045,0
244,1,1,0,1,0,0,0,0,0,0,0,0,0,0,1,0,0.6301624483644956,0.7764633208795279,1
245,1,1,0,0,0,0,0,0,0,1,0,0,1,0,0,0,0.5783551196102427,0.815785116081816,0
246,1,1,0,0,0,0,0,0,1,0,1,0,0,0,0,0,0.7088505630590621,0.7053586883641899,0
247,1,0,1,0,0,0,0,0,0,0,0,0,0,0,1,0,0.7432560052239322,0.669007108107651,1
248,1,1,0,1,0,0,0,1,0,0,0,0,0,0,0,0,0.6287961743656217,0.7775701711763117,0
249,1,1,0,0,0,1,0,0,0,0,0,1,0,0,0,0,0.5364853925621298,0.8439096062775073,0
250,0,1,0,0,0,0,0,0,0,1,0,0,1,0,0,0,0.8144535194083273,0.5802288037691593,0
251,0,1,1,0,0,0,0,0,1,0,0,0,0,0,0,0,0.9162186302165509,0.4006787012608823,0
252,0,0,0,1,0,1,0,0,0,0,0,0,0,0,0,0,0.7035445979201052,0.7106511090102072,1
253,1,0,0,0,0,0,0,0,0,0,1,1,0,0,0,0,0.45140780936894326,0.8923177627060507,0
254,0,1,0,0,0,0,0,0,1,1,0,0,0,0,0,0,0.8127398478966602,0.582626758431943,1
255,1,1,0,0,0,0,0,1,0,0,0,0,1,0,0,0,0.5876198835561582,0.8091371159756836,1
256,1,1,1,0,0,0,0,0,0,0,1,0,0,0,0,0,0.6601898592185451,0.7510987616718574,1
257,1,1,0,0,0,0,0,0,0,1,0,0,0,0,1,0,0.6219203454236651,0.7830805092377854,0
258,1,1,0,0,0,1,0,1,0,0,0,0,0,0,0,0,0.5570572676350319,0.8304740818201326,1
259,0,1,0,1,0,0,0,0,0,0,1,0,0,0,0,0,0.8169678632647617,0.5766831975986553,1
260,0,1,0,0,0,0,0,0,1,0,0,0,1,0,0,0,0.7971355297944441,0.6038004199562393,0
261,1,1,1,0,0,0,0,0,0,0,0,1,0,0,0,0,0.927605743486044,0.37356068402831644,1
262,1,1,0,0,0,1,0,0,0,0,0,0,0,0,1,0,0.5584386060937472,0.8295458535994696,0
263,1,0,1,0,0,0,0,0,0,0,0,1,0,0,0,0,0.41729321997684654,0.9087719012829102,0
264,0,1,0,1,0,0,0,0,1,0,0,0,0,0,0,0,0.7690393009359405,0.6392014968818206,1
265,0,1,0,0,0,1,0,0,0,1,0,0,0,0,0,0,0.8692532873156632,0.494366991708501,1
266,0,1,0,0,0,0,0,0,0,0,1,0,1,0,0,0,0.8077331430484842,0.5895482759036931,0
267,1,1,0,0,0,0,0,0,0,0,0,1,0,0,1,0,0.8723424999596214,0.4888952472301176,0
268,0,0,0,0,0,1,0,0,1,0,0,0,0,0,0,0,0.8554322343025862,0.5179147541015658,1
269,0,1,0,0,0,0,0,1,0,1,0,0,0,0,0,0,0.7841677223992383,0.6205489369479182,0
270,0,1,0,0,0,0,0,0,0,0,0,1,1,0,0,0,0.4704667448178567,0.8824177253548852,0
271,1,0,1,1,0,0,0,0,0,0,0,0,0,0,0,0,0.8575392857303048,0.5144184808394414,1
272,1,1,0,0,0,0,0,1,0,0,1,0,0,0,0,0,0.7427695100881209,0.6695472013857222,1
273,1,1,0,0,0,1,0,0,1,0,0,0,0,0,0,0,0.5192878338278931,0.8545994065281898,0
274,0,1,0,1,0,0,0,0,0,1,0,0,0,0,0,0,0.8247552919180603,0.5654897951803862,1
275,0,0,1,0,0,0,0,0,0,0,0,0,1,0,0,0,0.7083168378009853,0.7058946502755301,0
276,1,1,0,0,0,0,0,0,0,0,1,1,0,0,0,0,0.9278814144502365,0.3728754225178007,1
277,1,1,0,0,0,0,0,0,1,1,0,0,0,0,0,0,0.42386223583559773,0.9057266723644878,1
278,1,1,0,1,0,1,0,0,0,0,0,0,0,0,0,0,0.6635921652185571,0.7480945383175492,0
279,1,1,0,0,0,0,0,1,0,0,0,0,0,0,1,0,0.6225235658215386,0.7826010541756487,0
280,0,0,1,0,0,0,0,0,0,1,0,0,0,0,0,0,0.8472367120571759,0.5312155435814601,0
281,1,1,0,0,0,1,0,0,0,0,1,0,0,0,0,0,0.7725951487922619,0.6348989967409482,1
282,0,0,0,0,0,0,0,0,1,0,0,0,0,0,1,0,0.8113079813297752,0.5846189865464557,0
283,1,0,0,0,0,0,0,1,0,0,0,1,0,0,0,0,0.8752415354392695,0.4836861116901227,0
284,0,1,1,0,0,0,0,0,0,0,0,0,1,0,0,0,0.8336485308966843,0.5522953258301213,1
285,1,0,0,1,0,0,0,0,0,0,0,1,0,0,0,0,0.8757413887427846,0.48278050917871473,0
286,1,1,0,0,0,0,0,1,0,0,1,0,0,0,0,0,0.5757421266852994,0.8176313371929237,1
287,1,1,0,0,0,0,0,0,0,0,0,0,1,0,1,0,0.6428199106794924,0.7660173382071775,0
288,1,0,1,0,0,1,0,0,0,0,0,0,0,0,0,0,0.7719302356170498,0.6357072528610997,1
289,0,1,0,0,0,0,0,1,1,0,0,0,0,0,0,0,0.807391122257898,0.5900165893423102,0
290,0,1,0,0,0,0,0,0,0,1,0,0,0,0,1,0,0.829063063955475,0.5591551090571916,0
291,0,0,0,1,0,0,0,0,0,0,1,0,0,0,0,0,0.5136116795579884,0.8580227518088446,1
292,1,1,0,0,0,1,0,1,0,0,0,0,0,0,0,0,0.6626837990359657,0.7488993139903786,1
293,0,1,0,0,0,0,0,0,1,0,0,0,1,0,0,0,0.895536891859039,0.4449872754579076,0
294,1,1,0,1,0,0,0,0,0,0,0,1,0,0,0,0,0.6575342465753424,0.7534246575342466,0
295,1,0,0,0,0,0,0,1,0,0,0,0,0,0,1,0,0.6292333273695964,0.7772164561609503,1
296,1,0,1,0,0,0,0,0,1,0,0,0,0,0,0,0,0.7080978193620665,0.7061143520809403,1
297,1,1,0,0,0,0,0,0,0,1,0,1,0,0,0,0,0.4410132275410883,0.8975006034169515,0
298,1,0,0,0,0,0,0,0,0,0,1,0,1,0,0,0,0.7066497479689956,0.7075635191948175,0
299,0,1,0,1,0,0,0,1,0,0,0,0,0,0,0,0,0.6355514562698892,0.7720585123118734,1
300,0,1,1,0,0,0,0,0,0,0,0,0,0,0,1,0,0.8459953170187582,0.5331903258521585,0
301,1,1,0,0,0,0,0,0,0,1,1,0,0,0,0,0,0.5683505335477427,0.822786528217372,0
302,0,1,1,0,0,0,0,0,0,0,0,0,0,0,1,0,0.669007108107651,0.7432560052239322,0
303,0,1,0,0,0,0,0,0,0,1,1,0,0,0,0,0,0.7284116862935497,0.6851397049295764,0
304,0,1,0,0,0,0,0,0,0,0,1,0,0,0,1,0,0.6682184229150424,0.7439651465471575,0
305,1,0,1,0,0,0,0,0,0,0,0,0,0,0,1,0,0.7432560052239322,0.669007108107651,1
306,1,1,1,0,0,0,0,0,0,0,1,0,0,0,0,0,0.6948828529168973,0.7191229524372542,0
307,1,1,0,0,0,1,0,0,0,1,0,0,0,0,0,0,0.655524145942862,0.7551742143941894,0
308,1,1,0,0,0,0,0,0,0,0,1,1,0,0,0,0,0.45140780936894326,0.8923177627060507,1
309,1,1,0,0,0,0,0,1,0,0,0,0,1,0,0,0,0.6414633237286145,0.7671537031853778,1
310,1,1,0,0,0,1,0,0,0,0,0,0,0,0,1,0,0.6574580010862748,0.7534911922561801,0
311,0,1,1,1,0,0,0,0,0,0,0,0,0,0,0,0,0.841995503991129,0.5394845421870071,1
312,1,1,0,0,0,0,0,0,0,1,0,0,1,0,0,0,0.5783551196102427,0.815785116081816,1
313,1,0,0,0,0,0,0,1,0,0,0,1,0,0,0,0,0.5014237824134795,0.8652018206350236,1
314,0,0,0,1,0,0,0,0,0,0,1,0,0,0,0,0,0.5136116795579884,0.8580227518088446,0
315,0,1,0,0,0,0,0,0,0,1,0,0,0,0,1,0,0.829063063955475,0.5591551090571916,1
316,0,1,1,0,0,1,0,0,0,0,0,0,0,0,0,0,0.8830379312118819,0.46930162160495426,0
317,1,1,0,0,0,0,0,0,0,0,1,0,1,0,0,0,0.7066497479689956,0.7075635191948175,1
318,0,0,1,0,0,0,0,0,0,0,0,0,0,0,1,0,0.669007108107651,0.7432560052239322,0
319,0,1,0,0,0,0,0,1,0,0,0,1,0,0,0,0,0.4836861116901227,0.8752415354392695,0
320,0,0,0,0,0,0,0,0,0,1,0,0,1,0,0,0,0.8144535194083273,0.5802288037691593,0
321,0,0,0,1,0,1,0,0,0,0,0,0,0,0,0,0,0.7035445979201052,0.7106511090102072,0
322,0,0,1,0,0,0,0,0,0,0,0,1,0,0,0,0,0.9087719012829102,0.41729321997684654,0
323,0,1,0,0,0,0,0,1,0,1,0,0,0,0,0,0,0.7841677223992383,0.6205489369479182,1
324,0,0,0,0,0,0,0,0,0,0,0,0,1,0,1,0,0.8130303898555791,0.5822212510474735,1
325,1,1,0,0,0,1,0,0,0,0,1,0,0,0,0,0,0.7725951487922619,0.6348989967409482,0
326,0,0,0,1,0,0,0,0,0,0,0,0,1,0,0,0,0.6219125841667853,0.7830866731435233,0
327,0,0,0,0,0,0,0,0,0,0,0,1,0,0,1,0,0.4888952472301176,0.8723424999596214,0
328,1,0,0,0,0,0,0,1,0,1,0,0,0,0,0,0,0.5645493580916978,0.8253993108055349,0
329,1,0,0,1,0,1,0,0,0,0,0,0,0,0,0,0,0.6635921652185571,0.7480945383175492,0
330,1,1,1,0,0,0,0,0,0,0,0,1,0,0,0,0,0.927605743486044,0.37356068402831644,1
331,1,1,0,0,0,0,0,1,0,0,0,0,0,0,1,0,0.6292333273695964,0.7772164561609503,0
332,0,0,1,0,0,0,0,0,0,0,0,0,1,0,0,0,0.7083168378009853,0.7058946502755301,0
333,0,1,0,0,0,1,0,0,0,0,0,1,0,0,0,0,0.5535169073889141,0.8328379393583196,1
334,1,0,0,0,0,0,0,1,0,0,1,0,0,0,0,0,0.7427695100881209,0.6695472013857222,0
335,0,1,0,1,0,0,0,0,0,1,0,0,0,0,0,0,0.6428122343901886,0.7660237798647592,0
336,0,1,0,0,0,0,0,0,0,0,0,0,1,0,1,0,0.7660173382071775,0.6428199106794924,0
337,1,0,0,0,0,1,0,0,0,0,0,1,0,0,0,0,0.5364853925621298,0.8439096062775073,0
338,1,0,0,0,0,0,0,1,0,0,1,0,0,0,0,0,0.5757421266852994,0.8176313371929237,0
339,0,0,0,1,0,0,0,0,0,0,0,1,0,0,0,0,0.7534246575342466,0.6575342465753424,1
340,1,1,0,0,0,1,0,0,0,0,1,0,0,0,0,0,0.5052731195784231,0.8629594860892883,1
341,0,0,1,0,0,0,0,1,0,0,0,0,0,0,0,0,0.6703349124158345,0.7420586939026154,1
342,1,0,0,0,0,0,0,0,0,1,0,0,0,0,1,0,0.6219203454236651,0.7830805092377854,1
343,1,0,0,0,0,1,0,0,0,0,0,0,1,0,0,0,0.516926279394683,0.856029918677595,1
344,0,1,0,1,0,0,0,0,0,0,1,0,0,0,0,0,0.5136116795579884,0.8580227518088446,0
345,1,0,1,0,0,0,0,0,0,1,0,0,0,0,0,0,0.6843638877248562,0.7291406374480305,0
346,0,0,0,1,0,0,0,0,0,0,0,1,0,0,0,0,0.7534246575342466,0.6575342465753424,1
347,1,0,0,0,0,1,0,0,0,0,0,0,1,0,0,0,0.675938065234164,0.7369584329984259,0
348,1,1,0,0,0,0,0,1,0,0,0,0,0,0,1,0,0.6225235658215386,0.7826010541756487,0
349,1,0,0,0,0,0,0,0,0,0,1,1,0,0,0,0,0.9278814144502365,0.3728754225178007,1
350,1,0,1,1,0,0,0,0,0,0,0,0,0,0,0,0,0.8575392857303048,0.5144184808394414,1
351,1,0,0,0,0,0,0,0,0,1,0,1,0,0,0,0,0.8712595002521756,0.49082265964432537,1
352,0,0,0,0,0,0,0,1,0,0,0,0,1,0,0,0,0.8091371159756836,0.5876198835561582,1
353,0,1,1,0,0,0,0,0,0,0,1,0,0,0,0,0,0.7510987616718574,0.6601898592185451,0
354,0,1,0,1,0,0,0,0,0,0,0,0,0,0,1,0,0.6408583268940578,0.7676591723222937,0
355,1,0,0,0,0,1,0,0,0,1,0,0,0,0,0,0,0.494366991708501,0.8692532873156632,0
356,1,0,0,0,0,0,0,0,0,0,0,1,1,0,0,0,0.4625660066950199,0.8865848461654547,0
357,0,1,0,1,0,0,0,1,0,0,0,0,0,0,0,0,0.7775701711763117,0.6287961743656217,1
358,1,1,0,0,0,0,0,0,0,0,1,0,0,0,1,0,0.7439651465471575,0.6682184229150424,0
359,1,1,1,0,0,0,0,0,0,0,0,0,1,0,0,0,0.5522953258301213,0.8336485308966843,0
360,0,1,0,0,0,0,0,0,0,0,0,1,0,0,1,0,0.8644180401859185,0.5027737580673198,0
361,0,0,0,0,0,0,0,0,0,1,1,0,0,0,0,0,0.822786528217372,0.5683505335477427,1
362,0,1,1,0,0,1,0,0,0,0,0,0,0,0,0,0,0.6357072528610997,0.7719302356170498,0
363,1,0,0,0,0,0,0,0,0,0,0,1,1,0,0,0,0.8824177253548852,0.4704667448178567,1
364,0,0,0,1,0,0,0,1,0,0,0,0,0,0,0,0,0.6355514562698892,0.7720585123118734,0
365,1,1,0,0,0,0,0,0,0,0,1,0,0,0,1,0,0.5703425440642038,0.821406952996121,0
366,1,1,1,0,0,0,0,0,0,1,0,0,0,0,0,0,0.5312155435814601,0.8472367120571759,0
367,0,0,0,0,0,1,0,1,0,0,0,0,0,0,0,0,0.8304740818201326,0.5570572676350319,0
368,0,1,0,0,0,0,0,0,0,1,1,0,0,0,0,0,0.7284116862935497,0.6851397049295764,1
369,0,1,1,0,0,0,0,1,0,0,0,0,0,0,0,0,0.8425938412032223,0.5385495508923938,0
370,0,1,0,0,0,1,0,0,0,0,0,0,0,0,1,0,0.8295458535994696,0.5584386060937472,0
371,0,0,0,1,0,0,0,0,0,0,0,0,1,0,0,0,0.8084531990100555,0.5885604684400809,0
372,1,1,0,0,0,1,0,1,0,0,0,0,0,0,0,0,0.6626837990359657,0.7488993139903786,0
373,0,0,0,0,0,0,0,0,0,1,0,1,0,0,0,0,0.8975006034169515,0.4410132275410883,1
374,1,1,0,1,0,0,0,0,0,0,0,0,0,0,1,0,0.6301624483644956,0.7764633208795279,1
375,1,0,0,0,0,0,0,0,0,0,1,0,1,0,0,0,0.5895482759036931,0.8077331430484842,0
376,0,0,0,0,0,1,0,0,0,1,0,0,0,0,0,0,0.8692532873156632,0.494366991708501,1
377,0,1,1,0,0,0,0,0,0,0,1,0,0,0,0,0,0.7510987616718574,0.6601898592185451,1
378,1,1,1,0,0,1,0,0,0,0,0,0,0,0,0,0,0.7719302356170498,0.6357072528610997,1
379,1,0,1,0,0,0,0,0,0,1,0,0,0,0,0,0,0.6843638877248562,0.7291406374480305,0
380,0,1,0,0,0,1,0,0,0,1,0,0,0,0,0,0,0.7551742143941894,0.655524145942862,0
381,1,1,0,0,0,0,0,0,0,0,1,0,0,0,1,0,0.5703425440642038,0.821406952996121,0
382,1,1,0,0,0,0,0,0,0,0,0,1,0,0,0,1,0.8998964379962338,0.4361036584135596,0
383,0,0,0,0,0,1,0,0,0,0,0,0,1,0,0,0,0.856029918677595,0.516926279394683,1
384,0,0,1,0,0,0,0,0,0,0,1,0,0,0,0,0,0.7191229524372542,0.6948828529168973,1
385,1,0,0,0,0,0,0,1,0,0,0,1,0,0,0,0,0.5014237824134795,0.8652018206350236,0
386,0,0,0,0,0,0,0,0,0,0,0,0,0,0,1,1,0.734748691448556,0.6783394138737882,0
387,1,1,0,0,0,0,0,0,0,1,0,0,1,0,0,0,0.5783551196102427,0.815785116081816,1
388,1,0,0,0,0,1,0,0,0,0,1,0,0,0,0,0,0.7725951487922619,0.6348989967409482,1
389,1,1,1,0,0,0,0,1,0,0,0,0,0,0,0,0,0.5385495508923938,0.8425938412032223,0
390,0,1,0,0,0,0,0,0,0,1,0,0,0,0,1,0,0.829063063955475,0.5591551090571916,0
391,0,0,0,0,0,0,0,0,0,0,0,1,1,0,0,0,0.8865848461654547,0.4625660066950199,0
392,1,0,0,0,0,1,0,0,0,0,0,0,0,0,0,1,0.4872970318899911,0.873236281146864,0
393,1,0,0,0,0,0,0,0,0,0,1,1,0,0,0,0,0.9278814144502365,0.3728754225178007,1
394,0,1,1,0,0,0,0,0,0,0,0,0,0,0,1,0,0.669007108107651,0.7432560052239322,0
395,1,0,0,0,0,0,0,0,0,1,0,0,0,0,0,1,0.5498805081092958,0.8352433338862769,1
396,0,1,0,0,0,0,0,1,0,0,0,0,1,0,0,0,0.7671537031853778,0.6414633237286145,0
397,0,0,1,0,0,0,0,0,0,0,0,1,0,0,0,0,0.37356068402831644,0.927605743486044,1
398,1,1,0,0,0,0,0,1,0,1,0,0,0,0,0,0,0.5645493580916978,0.8253993108055349,1
399,0,1,0,0,0,1,0,0,0,0,0,0,0,0,1,0,0.7534911922561801,0.6574580010862748,0
400,0,1,0,0,0,0,0,0,0,0,0,1,0,0,0,1,0.9007686813688952,0.4342991856600031,0
401,1,0,0,0,0,0,0,0,0,0,1,0,1,0,0,0,0.5895482759036931,0.8077331430484842,1
402,0,0,1,0,0,1,0,0,0,0,0,0,0,0,0,0,0.8830379312118819,0.46930162160495426,1
403,0,0,0,0,0,0,0,1,0,0,0,0,0,0,0,1,0.735962760379647,0.6770220198297616,0
404,1,0,1,0,0,0,0,0,0,1,0,0,0,0,0,0,0.5312155435814601,0.8472367120571759,0
405,0,1,0,0,0,0,0,0,0,0,0,0,1,0,1,0,0.8130303898555791,0.5822212510474735,0
406,0,0,0,0,0,1,0,0,0,0,1,0,0,0,0,0,0.8629594860892883,0.5052731195784231,0
407,0,1,0,0,0,0,0,1,0,0,0,1,0,0,0,0,0.4836861116901227,0.8752415354392695,0
408,0,0,1,0,0,0,0,0,0,0,0,0,1,0,0,0,0.7083168378009853,0.7058946502755301,0
409,1,1,0,0,0,0,0,0,0,0,0,1,0,0,1,0,0.8723424999596214,0.4888952472301176,0
410,1,1,0,0,0,1,0,1,0,0,0,0,0,0,0,0,0.6626837990359657,0.7488993139903786,1
411,1,0,0,0,0,0,0,0,0,1,1,0,0,0,0,0,0.5683505335477427,0.822786528217372,0
412,0,0,1,0,0,0,0,0,0,0,0,0,0,0,0,1,0.7355838122137026,0.677433727540308,0
413,0,0,0,0,0,0,0,1,0,1,0,0,0,0,0,0,0.7841677223992383,0.6205489369479182,0
414,0,0,0,0,0,0,0,0,0,0,0,0,1,0,0,1,0.8209141206659397,0.5710516670943769,0
415,1,0,0,0,0,0,0,0,0,0,1,0,0,0,1,0,0.7439651465471575,0.6682184229150424,1
416,1,1,1,0,0,0,0,0,0,1,0,0,0,0,0,0,0.6843638877248562,0.7291406374480305,1
417,1,1,0,0,0,1,0,0,0,0,0,1,0,0,0,0,0.8328379393583196,0.5535169073889141,1
418,0,1,0,0,0,0,0,0,0,0,0,0,1,0,1,0,0.7660173382071775,0.6428199106794924,0
419,1,0,0,0,0,0,0,1,0,0,1,0,0,0,0,0,0.7427695100881209,0.6695472013857222,1
420,0,0,1,0,0,0,0,0,0,0,0,1,0,0,0,0,0.9087719012829102,0.41729321997684654,1
421,0,0,0,0,0,0,0,0,0,0,1,0,0,0,0,1,0.779731064276236,0.6261145800910951,0
422,0,0,0,0,0,1,0,0,0,1,0,0,0,0,0,0,0.8692532873156632,0.494366991708501,0
423,1,0,1,0,0,0,0,1,0,0,0,0,0,0,0,0,0.7420586939026154,0.6703349124158345,1
424,0,0,0,0,0,0,0,0,0,0,0,1,0,0,1,0,0.8644180401859185,0.5027737580673198,0
425,0,0,0,0,0,0,0,0,0,1,0,0,1,0,0,0,0.8144535194083273,0.5802288037691593,0
426,0,0,0,0,0,1,0,0,0,0,0,0,0,0,0,1,0.7039072519381863,0.7102918982142697,0
427,1,1,0,0,0,0,0,1,0,0,0,0,0,0,1,0,0.6225235658215386,0.7826010541756487,0
428,1,0,1,0,0,0,0,0,0,0,1,0,0,0,0,0,0.6601898592185451,0.7510987616718574,1
429,0,0,0,0,0,0,0,0,0,0,0,1,1,0,0,0,0.4704667448178567,0.8824177253548852,0
430,0,0,0,0,0,0,0,0,0,0,0,0,0,0,1,1,0.8339322057265399,0.5518669008484455,1
431,0,0,0,0,0,1,0,0,0,0,0,0,1,0,0,0,0.7369584329984259,0.675938065234164,0
432,1,0,0,0,0,0,0,0,0,1,1,0,0,0,0,0,0.6851397049295764,0.7284116862935497,1
433,0,1,1,0,0,0,0,0,0,0,0,0,0,0,0,1,0.808124348656708,0.5890119159305451,1
434,1,1,0,0,0,0,0,1,0,0,0,0,1,0,0,0,0.5876198835561582,0.8091371159756836,0
435,0,0,0,0,0,0,0,0,0,1,0,1,0,0,0,0,0.8975006034169515,0.4410132275410883,1
436,0,1,0,0,0,1,0,0,0,0,0,0,0,0,1,0,0.8295458535994696,0.5584386060937472,0
437,1,0,0,0,0,0,0,0,0,0,1,1,0,0,0,0,0.45140780936894326,0.8923177627060507,0
438,0,1,0,0,0,0,0,1,0,0,0,0,0,0,0,1,0.8303417635287521,0.5572544802331892,0
439,0,1,0,0,0,0,0,0,0,1,0,0,0,0,1,0,0.7830805092377854,0.6219203454236651,0
440,0,1,1,0,0,0,0,0,0,0,0,0,1,0,0,0,0.8336485308966843,0.5522953258301213,0
441,1,1,0,0,0,1,0,1,0,0,0,0,0,0,0,0,0.5570572676350319,0.8304740818201326,0
442,0,0,0,0,0,0,0,0,0,0,1,0,0,0,0,1,0.7348632161793031,0.6782153444936283,0
443,0,1,0,0,0,0,0,0,0,1,0,1,0,0,0,0,0.49082265964432537,0.8712595002521756,1
444,1,0,1,0,0,1,0,0,0,0,0,0,0,0,0,0,0.7719302356170498,0.6357072528610997,1
445,1,1,0,0,0,0,0,0,0,0,1,0,1,0,0,0,0.7066497479689956,0.7075635191948175,1
446,0,1,0,0,0,0,0,1,0,0,0,0,0,0,1,0,0.7772164561609503,0.6292333273695964,0
447,1,0,0,0,0,0,0,0,0,0,0,0,1,0,0,1,0.6378287505900326,0.7701782163374643,0
448,1,1,0,0,0,0,0,1,0,0,1,0,0,0,0,0,0.5757421266852994,0.8176313371929237,1
449,1,0,0,0,0,1,0,0,0,0,0,1,0,0,0,0,0.5364853925621298,0.8439096062775073,1
450,1,1,1,0,0,0,0,0,0,0,0,0,0,0,1,0,0.5331903258521585,0.8459953170187582,0
451,0,0,0,0,0,0,0,0,0,1,0,0,0,0,0,1,0.788514863929961,0.6150156984675392,0
452,0,0,1,0,0,0,0,0,0,0,1,0,0,0,0,0,0.7510987616718574,0.6601898592185451,1
453,0,0,0,0,0,0,0,0,0,0,0,0,1,0,0,1,0.8209141206659397,0.5710516670943769,0
454,0,0,0,0,0,0,0,0,0,0,1,0,1,0,0,0,0.7075635191948175,0.7066497479689956,0
455,0,0,1,0,0,0,0,0,0,0,1,0,0,0,0,0,0.7191229524372542,0.6948828529168973,1
456,0,0,0,0,0,0,0,0,0,1,1,0,0,0,0,0,0.7284116862935497,0.6851397049295764,1
457,0,1,0,0,0,1,0,0,0,0,0,0,0,0,1,0,0.7534911922561801,0.6574580010862748,0
458,0,0,1,0,0,0,0,1,0,0,0,0,0,0,0,0,0.8425938412032223,0.5385495508923938,0
459,0,1,0,0,0,0,0,0,0,0,0,0,1,0,0,1,0.8209141206659397,0.5710516670943769,0
460,0,1,0,0,0,0,0,1,0,0,0,0,1,0,0,0,0.8091371159756836,0.5876198835561582,0
461,0,0,1,0,0,1,0,0,0,0,0,0,0,0,0,0,0.8830379312118819,0.46930162160495426,1
462,0,1,0,0,0,0,0,1,0,0,0,0,0,0,0,1,0.735962760379647,0.6770220198297616,1
463,0,1,0,0,0,0,0,0,0,1,0,0,0,0,1,0,0.829063063955475,0.5591551090571916,1
464,0,1,0,0,0,0,0,0,0,0,0,0,1,0,1,0,0.7660173382071775,0.6428199106794924,0
465,0,1,0,0,0,0,0,1,0,1,0,0,0,0,0,0,0.7841677223992383,0.6205489369479182,1
466,0,0,0,0,0,1,0,0,0,0,1,0,0,0,0,0,0.8629594860892883,0.5052731195784231,0
467,0,0,1,0,0,0,0,0,0,0,0,0,0,0,0,1,0.7355838122137026,0.677433727540308,0
468,0,0,0,0,0,0,0,0,0,1,0,0,1,0,0,0,0.8144535194083273,0.5802288037691593,1
469,0,0,1,0,0,0,0,0,0,1,0,0,0,0,0,0,0.8472367120571759,0.5312155435814601,1
470,0,0,0,0,0,0,0,1,0,0,1,0,0,0,0,0,0.6695472013857222,0.7427695100881209,0
471,1,1,0,0,0,1,0,0,0,0,0,0,1,0,0,0,0.516926279394683,0.856029918677595,0
472,0,1,0,0,0,0,0,0,0,0,0,0,0,0,1,1,0.8339322057265399,0.5518669008484455,1
473,0,1,0,0,0,0,0,0,0,1,0,0,1,0,0,0,0.8144535194083273,0.5802288037691593,1
474,1,1,1,0,0,1,0,0,0,0,0,0,0,0,0,0,0.46930162160495426,0.8830379312118819,0
475,1,1,0,0,0,0,0,0,0,0,1,0,0,0,1,0,0.7439651465471575,0.6682184229150424,1
476,1,0,0,0,0,1,0,0,0,1,0,0,0,0,0,0,0.494366991708501,0.8692532873156632,0
477,1,1,1,0,0,0,0,1,0,0,0,0,0,0,0,0,0.5385495508923938,0.8425938412032223,1
478,0,1,0,0,0,0,0,0,0,0,0,0,1,0,0,1,0.8209141206659397,0.5710516670943769,0
479,0,1,0,0,0,0,0,1,0,0,0,0,0,0,1,0,0.7826010541756487,0.6225235658215386,1
480,1,1,0,0,0,1,0,0,0,0,0,0,0,0,0,1,0.4872970318899911,0.873236281146864,0
481,1,1,1,0,0,0,0,0,0,0,1,0,0,0,0,0,0.6601898592185451,0.7510987616718574,0
482,1,1,0,0,0,0,0,1,0,1,0,0,0,0,0,0,0.5645493580916978,0.8253993108055349,0
483,1,0,0,0,0,0,0,0,0,0,0,0,1,0,1,0,0.5822212510474735,0.8130303898555791,0
484,1,0,0,0,0,0,0,0,0,0,1,0,0,0,0,1,0.6261145800910951,0.779731064276236,0
485,0,0,1,0,0,0,0,0,0,0,0,0,1,0,0,0,0.7083168378009853,0.7058946502755301,0
486,1,1,0,0,0,1,0,0,0,0,0,0,0,0,1,0,0.6574580010862748,0.7534911922561801,0
487,1,1,0,0,0,0,0,1,0,0,0,0,0,0,0,1,0.6770220198297616,0.735962760379647,0
488,0,1,0,0,0,0,0,0,0,1,1,0,0,0,0,0,0.822786528217372,0.5683505335477427,0
489,0,1,0,0,0,1,0,0,0,0,0,0,1,0,0,0,0.856029918677595,0.516926279394683,1
490,0,0,1,0,0,0,0,0,0,0,0,0,0,0,1,0,0.8459953170187582,0.5331903258521585,0
491,1,0,0,0,0,0,0,0,0,1,0,0,0,0,0,1,0.6150156984675392,0.788514863929961,0
492,0,0,0,0,0,0,0,0,0,0,1,0,1,0,0,0,0.8077331430484842,0.5895482759036931,1
493,1,1,0,0,0,1,0,1,0,0,0,0,0,0,0,0,0.5570572676350319,0.8304740818201326,0
494,0,0,0,0,0,0,0,0,0,0,0,0,0,0,1,1,0.734748691448556,0.6783394138737882,0
495,0,1,1,0,0,0,0,0,0,1,0,0,0,0,0,0,0.8472367120571759,0.5312155435814601,0
496,1,1,0,0,0,0,0,1,0,0,1,0,0,0,0,0,0.5757421266852994,0.8176313371929237,0
497,1,1,0,0,0,0,0,0,0,1,0,0,0,0,1,0,0.6219203454236651,0.7830805092377854,1
498,0,1,1,0,0,0,0,0,0,0,0,0,0,0,0,1,0.808124348656708,0.5890119159305451,0
499,1,1,0,0,0,1,0,0,0,0,1,0,0,0,0,0,0.7725951487922619,0.6348989967409482,1
500,1,1,0,0,0,0,0,1,0,0,0,0,1,0,0,0,0.5876198835561582,0.8091371159756836,1
501,1,1,1,0,0,0,0,0,0,0,0,0,0,0,1,0,0.5331903258521585,0.8459953170187582,0
502,0,1,0,0,0,0,0,0,0,1,0,0,0,0,0,1,0.8352433338862769,0.5498805081092958,0
503,0,1,0,0,0,1,0,1,0,0,0,0,0,0,0,0,0.7488993139903786,0.6626837990359657,0
504,0,1,0,0,0,0,0,0,0,0,1,0,1,0,0,0,0.7075635191948175,0.7066497479689956,0
505,1,1,0,0,0,0,0,1,0,1,0,0,0,0,0,0,0.6205489369479182,0.7841677223992383,1
506,1,1,1,0,0,0,0,0,0,0,1,0,0,0,0,0,0.6601898592185451,0.7510987616718574,0
507,0,1,1,0,0,0,0,1,0,0,0,0,0,0,0,0,0.6703349124158345,0.7420586939026154,1
508,0,1,0,0,0,0,0,1,0,1,0,0,0,0,0,0,0.7841677223992383,0.6205489369479182,0
509,0,1,0,0,0,0,0,0,0,1,1,0,0,0,0,0,0.822786528217372,0.5683505335477427,0
510,1,1,1,0,0,1,0,0,0,0,0,0,0,0,0,0,0.7719302356170498,0.6357072528610997,1
511,0,1,0,0,0,0,0,1,0,0,0,0,1,0,0,0,0.8091371159756836,0.5876198835561582,1
512,1,0,1,0,0,0,0,0,0,0,0,0,0,0,0,1,0.677433727540308,0.7355838122137026,1
513,1,1,0,0,0,0,0,0,0,1,0,0,0,0,1,0,0.6219203454236651,0.7830805092377854,0
514,1,1,0,0,0,1,0,0,0,0,0,0,1,0,0,0,0.516926279394683,0.856029918677595,0
515,0,1,0,0,0,0,0,1,0,0,1,0,0,0,0,0,0.6695472013857222,0.7427695100881209,1
516,1,1,0,0,0,0,0,0,0,0,0,0,0,0,1,1,0.5518669008484455,0.8339322057265399,0
517,0,0,0,0,0,0,0,0,0,0,1,0,1,0,0,0,0.8077331430484842,0.5895482759036931,0
518,0,1,1,0,0,0,0,0,0,1,0,0,0,0,0,0,0.8472367120571759,0.5312155435814601,0
519,0,0,0,0,0,1,0,1,0,0,0,0,0,0,0,0,0.8304740818201326,0.5570572676350319,0
520,0,1,0,0,0,0,0,0,0,0,0,0,1,0,0,1,0.8209141206659397,0.5710516670943769,0
521,1,0,1,0,0,0,0,0,0,0,1,0,0,0,0,0,0.6601898592185451,0.7510987616718574,0
522,0,0,0,0,0,1,0,0,0,0,0,0,0,0,0,1,0.7039072519381863,0.7102918982142697,1
523,0,1,0,0,0,0,0,1,0,1,0,0,0,0,0,0,0.7841677223992383,0.6205489369479182,0
524,0,0,1,0,0,0,0,0,0,0,0,0,1,0,0,0,0.8336485308966843,0.5522953258301213,0
525,0,1,0,0,0,0,0,0,0,0,1,0,0,0,1,0,0.821406952996121,0.5703425440642038,1
526,1,1,0,0,0,1,0,0,0,1,0,0,0,0,0,0,0.494366991708501,0.8692532873156632,0
527,0,1,0,0,0,0,0,1,0,0,0,0,1,0,0,0,0.8091371159756836,0.5876198835561582,0
528,0,1,0,0,0,0,0,0,0,1,0,0,0,0,0,1,0.8352433338862769,0.5498805081092958,0
529,0,1,1,0,0,0,0,0,0,0,0,0,0,0,1,0,0.8459953170187582,0.5331903258521585,1
530,1,1,0,0,0,1,0,0,0,0,1,0,0,0,0,0,0.5052731195784231,0.8629594860892883,1
531,0,1,0,0,0,0,0,0,0,0,0,0,1,0,1,0,0.8130303898555791,0.5822212510474735,0
532,1,0,0,0,0,0,0,0,0,0,1,0,0,0,0,1,0.6782153444936283,0.7348632161793031,1
533,1,0,1,0,0,0,0,1,0,0,0,0,0,0,0,0,0.7420586939026154,0.6703349124158345,1
534,1,1,0,0,0,1,0,0,0,0,0,0,0,0,1,0,0.5584386060937472,0.8295458535994696,0
535,0,1,0,0,0,0,0,1,0,0,0,0,0,0,0,1,0.8303417635287521,0.5572544802331892,0
536,1,0,0,0,0,1,0,0,0,1,0,0,0,0,0,0,0.655524145942862,0.7551742143941894,1
537,1,1,1,0,0,0,0,0,0,1,0,0,0,0,0,0,0.6843638877248562,0.7291406374480305,1
538,0,1,0,0,0,1,0,1,0,0,0,0,0,0,0,0,0.8304740818201326,0.5570572676350319,0
539,1,1,0,0,0,0,0,0,0,0,1,0,1,0,0,0,0.7066497479689956,0.7075635191948175,1
540,0,1,0,0,0,0,0,0,0,1,0,0,0,0,1,0,0.829063063955475,0.5591551090571916,0
541,1,1,1,0,0,0,0,0,0,0,0,0,0,0,0,1,0.5890119159305451,0.808124348656708,0
542,0,0,0,0,0,0,0,1,0,0,1,0,0,0,0,0,0.8176313371929237,0.5757421266852994,1
543,0,1,0,0,0,1,0,0,0,0,0,0,1,0,0,0,0.856029918677595,0.516926279394683,1
544,1,0,1,0,0,0,0,0,0,0,0,0,0,0,1,0,0.7432560052239322,0.669007108107651,1
545,1,1,0,0,0,0,0,0,0,1,0,0,0,0,0,1,0.5498805081092958,0.8352433338862769,1
546,0,0,0,0,0,1,0,0,0,0,1,0,0,0,0,0,0.6348989967409482,0.7725951487922619,0
547,1,1,0,0,0,0,0,1,0,0,0,0,0,0,1,0,0.6225235658215386,0.7826010541756487,0
548,0,1,0,0,0,0,0,0,0,0,0,0,1,0,0,1,0.8209141206659397,0.5710516670943769,0
549,1,0,1,0,0,0,0,0,0,0,1,0,0,0,0,0,0.6948828529168973,0.7191229524372542,0
550,0,0,0,0,0,0,0,1,0,1,0,0,0,0,0,0,0.7841677223992383,0.6205489369479182,0
551,0,0,0,0,0,1,0,0,0,0,0,0,0,0,0,1,0.873236281146864,0.4872970318899911,0
552,0,0,0,0,0,0,0,0,0,0,1,0,0,0,1,0,0.6682184229150424,0.7439651465471575,0
553,1,0,1,0,0,0,0,0,0,0,0,0,1,0,0,0,0.7058946502755301,0.7083168378009853,1
554,1,0,0,0,0,0,0,1,0,0,0,0,0,0,0,1,0.6770220198297616,0.735962760379647,0
555,0,0,1,0,0,1,0,0,0,0,0,0,0,0,0,0,0.8830379312118819,0.46930162160495426,0
556,1,1,0,0,0,0,0,1,0,0,0,0,0,0,1,0,0.6292333273695964,0.7772164561609503,1
557,1,1,0,0,0,0,0,0,0,1,1,0,0,0,0,0,0.6851397049295764,0.7284116862935497,1
558,1,0,0,0,0,0,0,0,0,0,0,0,0,0,1,1,0.6783394138737882,0.734748691448556,1
559,1,0,1,0,0,0,0,1,0,0,0,0,0,0,0,0,0.5385495508923938,0.8425938412032223,0
560,0,0,0,0,0,0,0,0,0,1,0,0,1,0,0,0,0.8144535194083273,0.5802288037691593,1
561,1,0,0,0,0,0,0,0,0,0,1,0,0,0,0,1,0.6261145800910951,0.779731064276236,0
562,1,0,1,0,0,0,0,0,0,0,1,0,0,0,0,0,0.6601898592185451,0.7510987616718574,1
563,0,0,0,0,0,0,0,0,0,0,0,0,1,0,1,0,0.7660173382071775,0.6428199106794924,0
564,0,1,1,0,0,0,0,0,0,0,0,0,0,0,1,0,0.669007108107651,0.7432560052239322,0
565,0,1,1,0,0,0,0,0,0,0,1,0,0,0,0,0,0.7191229524372542,0.6948828529168973,1
566,1,0,0,0,0,0,0,0,0,0,1,0,0,1,0,0,0.6765825542420099,0.7363667885608082,0
567,0,1,0,0,0,1,0,0,0,1,0,0,0,0,0,0,0.7551742143941894,0.655524145942862,0
568,1,1,0,0,0,0,1,1,0,0,0,0,0,0,0,0,0.4864579113968642,0.8737040119167363,0
569,1,1,0,0,0,0,0,0,0,0,0,0,0,0,1,1,0.5518669008484455,0.8339322057265399,0
570,1,1,0,0,0,0,0,0,0,1,1,0,0,0,0,0,0.5683505335477427,0.822786528217372,0
571,0,0,0,0,0,0,1,0,0,0,0,0,0,1,0,0,0.9935326726564041,0.1135465911607319,0
572,0,1,0,0,0,1,0,1,0,0,0,0,0,0,0,0,0.8304740818201326,0.5570572676350319,0
573,1,0,0,0,0,0,0,0,0,1,0,0,0,0,0,1,0.6150156984675392,0.788514863929961,0
574,1,1,0,0,0,0,1,0,0,0,1,0,0,0,0,0,0.6079363153200542,0.7939857911292089,0
575,0,0,0,0,0,0,0,1,0,0,0,0,0,1,0,0,0.8314875760111814,0.5555433474887893,0
576,1,1,0,0,0,1,0,0,0,0,0,0,0,0,1,0,0.6574580010862748,0.7534911922561801,0
577,0,1,0,0,0,0,0,0,0,0,1,0,0,0,0,1,0.779731064276236,0.6261145800910951,0
578,1,1,0,0,0,0,0,1,0,1,0,0,0,0,0,0,0.5645493580916978,0.8253993108055349,0
579,0,1,0,0,0,0,0,0,0,0,1,0,0,0,1,0,0.6682184229150424,0.7439651465471575,0
580,0,1,0,0,0,0,1,0,0,0,0,0,0,0,0,1,0.844212815247804,0.5360081366652723,0
581,0,1,0,0,0,0,0,0,0,0,0,0,0,1,1,0,0.6365037156065662,0.7712736349824462,0
582,1,1,0,0,0,1,0,0,0,0,1,0,0,0,0,0,0.5052731195784231,0.8629594860892883,1
583,0,1,0,0,0,0,0,1,0,0,0,0,0,0,0,1,0.735962760379647,0.6770220198297616,0
584,0,0,0,0,0,0,1,0,0,0,0,0,0,0,1,0,0.9905468485254832,0.13717485511650274,0
585,1,1,0,0,0,0,0,0,0,1,0,0,0,1,0,0,0.7153411651777002,0.6987753697735849,0
586,0,1,0,0,0,0,0,1,0,0,1,0,0,0,0,0,0.8176313371929237,0.5757421266852994,1
587,1,1,0,0,0,0,0,0,0,0,0,0,0,1,0,1,0.6060432152628561,0.7954317200324987,0
588,0,1,0,0,0,1,1,0,0,0,0,0,0,0,0,0,0.9074669071198411,0.4201235681110375,1
589,0,1,0,0,0,0,0,0,0,1,1,0,0,0,0,0,0.7284116862935497,0.6851397049295764,0
590,1,1,0,0,0,0,1,0,0,0,0,0,0,1,0,0,0.6401843996644798,0.7682212795973759,0
591,1,1,0,0,0,1,0,0,0,1,0,0,0,0,0,0,0.494366991708501,0.8692532873156632,1
592,1,1,0,0,0,0,0,0,0,0,0,0,0,0,1,1,0.6783394138737882,0.734748691448556,0
593,0,1,0,0,0,0,1,1,0,0,0,0,0,0,0,0,0.9906136218491759,0.13669181470321415,1
594,1,1,0,0,0,0,0,0,0,0,1,0,0,1,0,0,0.7254204999153147,0.6883059627103452,0
595,1,1,0,0,0,0,0,0,0,1,0,0,0,0,1,0,0.5591551090571916,0.829063063955475,0
596,0,1,0,0,0,1,1,0,0,0,0,0,0,0,0,0,0.9074669071198411,0.4201235681110375,0
597,1,1,0,0,0,0,0,1,0,1,0,0,0,0,0,0,0.6205489369479182,0.7841677223992383,1
598,1,1,0,0,0,1,0,0,0,0,0,0,0,1,0,0,0.4856429311786321,0.8741572761215378,0
599,0,1,0,0,0,0,1,0,0,0,0,0,0,0,0,1,0.844212815247804,0.5360081366652723,0
600,0,1,0,0,0,0,0,0,0,0,0,0,0,1,1,0,0.8350607839462088,0.5501576929527963,0
601,1,1,0,0,0,1,0,1,0,0,0,0,0,0,0,0,0.6626837990359657,0.7488993139903786,1
602,0,1,0,0,0,0,0,0,0,0,1,0,0,0,0,1,0.7348632161793031,0.6782153444936283,0
603,1,1,0,0,0,0,1,0,0,1,0,0,0,0,0,0,0.47934594825346144,0.877626037611117,0
604,0,1,0,0,0,0,0,1,0,0,0,0,0,0,1,0,0.7772164561609503,0.6292333273695964,0
605,0,0,0,0,0,0,0,0,0,0,0,0,0,1,0,1,0.7055301833055501,0.7086798716238785,0
606,1,1,0,0,0,0,0,0,0,0,1,0,0,0,1,0,0.5703425440642038,0.821406952996121,0
607,1,1,0,0,0,1,0,0,0,0,0,0,0,0,0,1,0.7102918982142697,0.7039072519381863,0
608,0,0,0,0,0,0,0,1,0,0,1,0,0,0,0,0,0.8176313371929237,0.5757421266852994,0
609,1,1,0,0,0,0,1,0,0,0,0,0,0,0,1,0,0.4812588121927184,0.8765785507795943,0
610,0,0,0,0,0,0,0,0,0,1,0,0,0,1,0,0,0.8363655475562495,0.5481721179163851,0
611,1,0,0,0,0,0,0,1,0,0,0,0,0,0,0,1,0.5572544802331892,0.8303417635287521,0
612,0,1,0,0,0,1,0,0,0,0,1,0,0,0,0,0,0.8629594860892883,0.5052731195784231,1
613,1,1,0,0,0,0,0,0,0,1,0,0,0,0,1,0,0.6219203454236651,0.7830805092377854,0
614,0,1,0,0,0,1,0,0,0,0,0,0,0,1,0,0,0.6025793567533265,0.7980589695096142,0
615,1,1,0,0,0,0,0,1,0,0,0,0,0,0,1,0,0.6225235658215386,0.7826010541756487,0
616,0,1,0,0,0,0,1,0,0,1,0,0,0,0,0,0,0.9932255433493784,0.11620249583521053,0
617,0,1,0,0,0,1,0,0,0,0,0,0,0,0,0,1,0.873236281146864,0.4872970318899911,0
618,0,0,0,0,0,0,0,1,0,0,0,0,0,1,0,0,0.6378643573675797,0.7701487269352878,0
619,0,1,0,0,0,0,1,0,0,0,1,0,0,0,0,0,0.992824103990648,0.11958385566273912,0
620,1,1,0,0,0,0,0,0,0,1,0,0,0,0,0,1,0.5498805081092958,0.8352433338862769,1
621,1,1,0,0,0,1,0,0,0,0,0,0,0,0,1,0,0.5584386060937472,0.8295458535994696,0
622,0,1,0,0,0,0,1,0,0,0,0,0,0,0,1,0,0.8765785507795943,0.4812588121927184,0
623,0,1,0,0,0,0,0,0,0,1,0,0,0,0,0,1,0.8352433338862769,0.5498805081092958,0
624,0,1,0,0,0,0,1,0,0,0,0,0,0,0,0,1,0.844212815247804,0.5360081366652723,0
625,0,0,0,0,0,0,0,0,0,0,0,0,0,0,1,1,0.8339322057265399,0.5518669008484455,0
626,1,1,1,0,0,0,0,0,0,0,1,0,0,0,0,0,0.6601898592185451,0.7510987616718574,0
627,0,1,0,0,0,1,0,1,0,0,0,0,0,0,0,0,0.7488993139903786,0.6626837990359657,0
628,0,1,0,0,0,0,0,0,0,1,0,0,0,0,1,0,0.7830805092377854,0.6219203454236651,0
629,0,1,0,0,0,0,0,0,0,0,0,0,1,0,0,1,0.7701782163374643,0.6378287505900326,0
630,0,1,1,0,0,0,0,0,0,1,0,0,0,0,0,0,0.7291406374480305,0.6843638877248562,0
631,1,1,0,0,0,1,0,0,0,0,0,0,1,0,0,0,0.675938065234164,0.7369584329984259,1
632,0,1,0,0,0,0,0,0,0,0,1,0,0,0,0,1,0.779731064276236,0.6261145800910951,0
633,0,1,0,0,0,0,0,1,0,0,0,0,0,0,1,0,0.7826010541756487,0.6225235658215386,0
634,1,1,0,0,0,1,0,0,0,0,1,0,0,0,0,0,0.7725951487922619,0.6348989967409482,0
635,1,1,0,0,0,0,0,0,0,1,0,0,0,0,0,1,0.5498805081092958,0.8352433338862769,0
636,0,1,0,0,0,0,0,0,0,0,0,0,1,0,1,0,0.8130303898555791,0.5822212510474735,1
637,1,1,1,0,0,0,0,1,0,0,0,0,0,0,0,0,0.5385495508923938,0.8425938412032223,1
638,1,1,0,0,0,1,0,0,0,1,0,0,0,0,0,0,0.655524145942862,0.7551742143941894,1
639,1,1,0,0,0,0,0,0,0,0,1,0,0,0,1,0,0.7439651465471575,0.6682184229150424,1
640,1,1,0,0,0,0,0,0,0,1,0,0,1,0,0,0,0.5783551196102427,0.815785116081816,0
641,1,0,0,0,0,0,0,1,0,0,0,0,0,0,0,1,0.5572544802331892,0.8303417635287521,1
642,0,1,1,0,0,0,0,0,0,0,0,0,1,0,0,0,0.8336485308966843,0.5522953258301213,1
643,1,1,0,0,0,0,0,1,0,1,0,0,0,0,0,0,0.6205489369479182,0.7841677223992383,0
644,0,1,0,0,0,1,0,0,0,0,0,0,0,0,1,0,0.7534911922561801,0.6574580010862748,0
645,0,1,1,0,0,0,0,0,0,0,0,0,0,0,0,1,0.808124348656708,0.5890119159305451,1
646,0,0,0,0,0,0,0,0,0,0,1,0,1,0,0,0,0.8077331430484842,0.5895482759036931,0
647,0,1,0,0,0,1,0,1,0,0,0,0,0,0,0,0,0.8304740818201326,0.5570572676350319,1
648,0,1,0,0,0,0,0,0,0,0,1,0,0,0,0,1,0.7348632161793031,0.6782153444936283,0
649,1,1,1,0,0,0,0,0,0,0,0,0,0,0,1,0,0.5331903258521585,0.8459953170187582,0
650,1,1,0,0,0,0,0,1,0,0,0,0,0,0,0,1,0.6770220198297616,0.735962760379647,0
651,1,1,0,0,0,1,0,0,0,1,0,0,0,0,0,0,0.494366991708501,0.8692532873156632,1
652,0,1,1,0,0,0,0,0,0,0,1,0,0,0,0,0,0.7510987616718574,0.6601898592185451,0
653,0,0,0,0,0,0,0,0,0,0,0,0,1,0,0,1,0.8209141206659397,0.5710516670943769,0
654,1,1,0,0,0,0,0,0,0,1,0,0,0,0,1,0,0.5591551090571916,0.829063063955475,0
655,0,1,1,0,0,1,0,0,0,0,0,0,0,0,0,0,0.8830379312118819,0.46930162160495426,1
656,1,1,0,0,0,0,0,0,0,0,1,0,0,0,1,0,0.5703425440642038,0.821406952996121,0
657,1,1,0,0,0,1,0,0,0,0,0,0,1,0,0,0,0.516926279394683,0.856029918677595,1
658,0,1,1,0,0,0,0,0,0,1,0,0,0,0,0,0,0.8472367120571759,0.5312155435814601,0
659,1,1,0,0,0,0,0,1,0,0,1,0,0,0,0,0,0.5757421266852994,0.8176313371929237,0
660,0,1,1,0,0,0,0,0,0,0,0,0,0,0,1,0,0.669007108107651,0.7432560052239322,0
661,0,0,0,0,0,1,0,0,0,0,0,0,0,0,0,1,0.7039072519381863,0.7102918982142697,0
662,1,1,0,0,0,0,0,0,0,1,1,0,0,0,0,0,0.6851397049295764,0.7284116862935497,1
663,0,1,0,0,0,0,0,1,0,0,0,0,1,0,0,0,0.8091371159756836,0.5876198835561582,0
664,1,1,0,0,0,0,0,0,0,0,0,0,0,0,1,1,0.6783394138737882,0.734748691448556,0
665,1,0,0,0,0,0,0,1,0,0,0,0,1,0,0,0,0.6414633237286145,0.7671537031853778,1
666,0,1,0,0,0,0,0,0,0,1,1,0,0,0,0,0,0.822786528217372,0.5683505335477427,1
667,1,0,0,0,0,1,0,0,0,0,0,0,0,0,0,1,0.4872970318899911,0.873236281146864,0
668,0,0,1,0,0,0,0,0,0,0,0,0,1,0,0,0,0.8336485308966843,0.5522953258301213,0
669,0,1,0,0,0,0,0,1,0,1,0,0,0,0,0,0,0.8253993108055349,0.5645493580916978,1
670,1,1,0,0,0,1,0,0,0,0,0,0,0,0,1,0,0.5584386060937472,0.8295458535994696,0
671,0,1,1,0,0,0,0,0,0,0,0,0,0,0,0,1,0.7355838122137026,0.677433727540308,0
672,1,1,0,0,0,0,0,0,0,0,1,0,1,0,0,0,0.7066497479689956,0.7075635191948175,0
673,1,1,0,0,0,0,0,1,0,0,0,0,0,0,1,0,0.6292333273695964,0.7772164561609503,0
674,0,1,0,0,0,0,0,0,0,1,0,0,1,0,0,0,0.8144535194083273,0.5802288037691593,0
675,1,1,0,0,0,0,0,1,0,0,1,0,0,0,0,0,0.7427695100881209,0.6695472013857222,1
676,1,1,0,0,0,0,0,0,0,0,0,0,0,0,1,1,0.5518669008484455,0.8339322057265399,0
677,1,1,1,0,0,1,0,0,0,0,0,0,0,0,0,0,0.46930162160495426,0.8830379312118819,1
678,1,0,0,0,0,0,0,0,0,0,0,0,1,0,1,0,0.6428199106794924,0.7660173382071775,1
679,1,0,0,0,0,0,0,0,0,1,0,0,0,0,0,1,0.6150156984675392,0.788514863929961,0
680,1,0,0,0,0,1,0,0,0,0,1,0,0,0,0,0,0.5052731195784231,0.8629594860892883,1
681,0,1,1,0,0,0,0,1,0,0,0,0,0,0,0,0,0.6703349124158345,0.7420586939026154,0
682,0,1,1,0,0,0,0,0,0,0,0,0,0,0,0,1,0.7355838122137026,0.677433727540308,0
683,1,1,0,0,0,0,0,0,0,1,0,0,1,0,0,0,0.5802288037691593,0.8144535194083273,1
684,0,1,0,0,0,0,0,0,0,1,0,0,0,0,0,1,0.8352433338862769,0.5498805081092958,0
685,0,1,1,0,0,0,0,0,0,0,0,0,0,0,0,1,0.7355838122137026,0.677433727540308,0
686,0,1,1,0,0,0,0,0,0,0,0,0,0,0,1,0,0.669007108107651,0.7432560052239322,0
687,0,1,0,0,0,0,0,0,0,1,0,0,0,0,0,1,0.8352433338862769,0.5498805081092958,0
688,0,1,0,0,1,0,0,0,0,0,1,0,0,0,0,0,0.773128366523976,0.6342495793265998,1
689,0,1,0,0,0,0,0,1,0,0,0,0,1,0,0,0,0.7671537031853778,0.6414633237286145,1
690,1,0,1,0,1,0,0,0,0,0,0,0,0,0,0,0,0.6077508431907284,0.7941277684358851,0
691,1,1,0,0,0,0,0,1,0,1,0,0,0,0,0,0,0.6205489369479182,0.7841677223992383,1
692,0,1,0,0,0,0,0,0,0,0,1,0,0,0,1,0,0.821406952996121,0.5703425440642038,1
693,0,0,0,0,0,0,0,0,0,0,0,0,1,0,0,1,0.7701782163374643,0.6378287505900326,0
694,0,1,0,0,0,0,0,1,0,0,1,0,0,0,0,0,0.8176313371929237,0.5757421266852994,0
695,0,1,0,0,1,0,0,0,0,1,0,0,0,0,0,0,0.7736600587925436,0.6336009102180314,0
696,1,1,0,0,0,0,0,0,0,0,0,0,0,0,1,1,0.6783394138737882,0.734748691448556,0
697,1,1,1,0,0,0,0,0,0,0,0,0,1,0,0,0,0.7058946502755301,0.7083168378009853,1
698,1,1,0,0,1,0,0,1,0,0,0,0,0,0,0,0,0.5123131915816919,0.8587986922040465,1
699,0,1,0,0,0,0,0,0,0,0,0,0,1,0,1,0,0.7660173382071775,0.6428199106794924,0
700,1,1,1,0,0,0,0,0,0,0,1,0,0,0,0,0,0.6601898592185451,0.7510987616718574,1
701,1,1,0,0,1,0,0,0,0,0,0,0,0,0,0,1,0.6263911083160484,0.7795089347933046,0
702,1,1,0,0,0,0,0,0,0,1,0,0,0,0,1,0,0.5591551090571916,0.829063063955475,0
703,1,0,1,0,0,0,0,1,0,0,0,0,0,0,0,0,0.7420586939026154,0.6703349124158345,1
704,0,1,0,0,0,0,0,0,0,0,1,0,0,0,0,1,0.779731064276236,0.6261145800910951,1
705,1,1,0,0,1,0,0,0,0,0,0,0,0,0,1,0,0.5070201265633938,0.8619342151577696,0
706,1,1,0,0,0,0,0,0,0,1,0,0,1,0,0,0,0.5783551196102427,0.815785116081816,0
707,0,1,0,0,0,0,0,1,0,0,0,0,0,0,0,1,0.8303417635287521,0.5572544802331892,0
708,0,1,1,0,0,0,0,0,0,1,0,0,0,0,0,0,0.7291406374480305,0.6843638877248562,0
709,0,1,0,0,0,0,0,1,0,0,1,0,0,0,0,0,0.6695472013857222,0.7427695100881209,0
710,1,1,1,0,0,0,0,0,0,0,0,0,1,0,0,0,0.5522953258301213,0.8336485308966843,0
711,1,1,0,0,1,0,0,0,0,1,0,0,0,0,0,0,0.5050712567198012,0.8630776475123664,0
712,1,1,0,0,0,0,0,0,0,0,1,0,1,0,0,0,0.7066497479689956,0.7075635191948175,0
713,1,1,0,0,0,0,0,1,0,0,0,0,0,0,1,0,0.6292333273695964,0.7772164561609503,0
714,1,1,1,0,0,0,0,0,0,1,0,0,0,0,0,0,0.5312155435814601,0.8472367120571759,0
715,0,1,0,0,1,0,0,0,0,0,0,0,0,0,0,1,0.8268218719420735,0.5624638584639955,1
716,0,1,0,0,0,0,0,0,0,0,1,0,0,0,1,0,0.6682184229150424,0.7439651465471575,0
717,1,1,0,0,0,0,0,1,0,0,0,0,1,0,0,0,0.5876198835561582,0.8091371159756836,1
718,0,0,1,0,0,0,0,0,0,0,0,0,0,0,0,1,0.808124348656708,0.5890119159305451,0
719,0,0,0,0,1,0,0,0,0,0,1,0,0,0,0,0,0.7645223227757787,0.6445972525364408,1
720,0,1,0,0,0,0,0,0,0,1,0,0,0,0,1,0,0.7830805092377854,0.6219203454236651,0
721,0,1,0,0,0,0,0,0,0,0,1,0,1,0,0,0,0.8077331430484842,0.5895482759036931,0
722,0,1,0,0,1,0,0,1,0,0,0,0,0,0,0,0,0.7192606115842702,0.694740363462079,0
723,0,1,0,0,0,0,0,0,0,1,0,0,0,0,0,1,0.788514863929961,0.6150156984675392,0
724,1,1,1,0,0,0,0,0,0,0,0,0,0,0,1,0,0.5331903258521585,0.8459953170187582,0
725,1,1,0,0,1,0,0,0,0,0,0,0,1,0,0,0,0.5259175192253024,0.8505355741954029,0
726,0,1,1,0,0,0,0,0,0,0,0,0,0,0,0,1,0.7355838122137026,0.677433727540308,0
727,1,1,0,0,0,0,0,1,0,0,0,0,0,0,1,0,0.6225235658215386,0.7826010541756487,0
728,1,1,0,0,0,0,0,0,0,1,0,0,1,0,0,0,0.5802288037691593,0.8144535194083273,0
729,0,1,1,0,0,0,0,0,0,0,1,0,0,0,0,0,0.7191229524372542,0.6948828529168973,1
730,0,1,0,0,0,0,0,0,0,0,0,0,1,0,0,1,0.8209141206659397,0.5710516670943769,0
731,1,0,0,0,1,0,0,0,0,0,0,0,0,0,1,0,0.6960314025603679,0.7180113415885901,1
732,1,1,0,0,0,0,0,0,0,1,1,0,0,0,0,0,0.5683505335477427,0.822786528217372,1
733,1,1,0,0,0,0,0,1,0,0,0,0,0,0,0,1,0.6770220198297616,0.735962760379647,0
734,1,1,1,0,1,0,0,0,0,0,0,0,0,0,0,0,0.633440676108424,0.7737912572853887,1
735,1,0,0,0,0,0,0,0,0,0,1,0,0,0,0,1,0.6782153444936283,0.7348632161793031,1
736,1,1,0,0,0,0,0,1,0,1,0,0,0,0,0,0,0.5645493580916978,0.8253993108055349,0
737,0,0,0,0,1,0,0,0,0,0,0,0,1,0,0,0,0.7546055221635046,0.6561787149247867,0
738,0,1,0,0,0,0,0,0,0,0,0,0,0,0,1,1,0.8339322057265399,0.5518669008484455,1
739,0,1,1,0,0,0,0,1,0,0,0,0,0,0,0,0,0.8425938412032223,0.5385495508923938,0
740,0,1,0,0,0,0,0,0,0,1,1,0,0,0,0,0,0.7284116862935497,0.6851397049295764,0
741,1,0,1,0,0,0,0,0,0,0,1,0,0,0,0,0,0.6948828529168973,0.7191229524372542,0
742,0,1,0,0,1,0,0,0,0,0,0,0,0,0,0,1,0.7795089347933046,0.6263911083160484,0
743,0,1,1,0,1,0,0,0,0,0,0,0,0,0,0,0,0.7737912572853887,0.633440676108424,0
744,0,0,1,0,0,0,0,0,0,0,1,0,0,0,0,0,0.7191229524372542,0.6948828529168973,1
